,precision,recall,f1-score,support
0,0.869582504970179,1.0,0.9302424500212676,4374.0
1,0.0,0.0,0.0,189.0
2,0.0,0.0,0.0,172.0
3,0.0,0.0,0.0,132.0
4,0.0,0.0,0.0,163.0
accuracy,0.869582504970179,0.869582504970179,0.869582504970179,0.869582504970179
macro avg,0.1739165009940358,0.2,0.18604849000425353,5030.0
weighted avg,0.7561737329502113,0.869582504970179,0.8089225599190903,5030.0
