,precision,recall,f1-score,support
0,0.9122404789198828,0.9825764851145562,0.9461030383091149,7289.0
1,0.32116788321167883,0.13924050632911392,0.1942604856512141,316.0
2,0.27835051546391754,0.1888111888111888,0.225,286.0
3,0.1875,0.02727272727272727,0.047619047619047616,220.0
4,0.38461538461538464,0.23897058823529413,0.29478458049886624,272.0
accuracy,0.8745079327209829,0.8745079327209829,0.8745079327209829,0.8745079327209829
macro avg,0.41677485244217277,0.3153742991525761,0.34155343041564856,8383.0
weighted avg,0.8321941469617061,0.8745079327209829,0.8484479250951694,8383.0
