,precision,recall,f1-score,support
0,0.9027603513174404,0.9869684499314129,0.9429882044560943,4374.0
1,0.0,0.0,0.0,189.0
2,0.18518518518518517,0.05813953488372093,0.08849557522123894,172.0
3,0.0,0.0,0.0,132.0
4,0.35051546391752575,0.4171779141104294,0.380952380952381,163.0
accuracy,0.8737574552683897,0.8737574552683897,0.8737574552683897,0.8737574552683897
macro avg,0.28769220008403024,0.29245717978511265,0.28248723212594284,5030.0
weighted avg,0.8027156360105154,0.8737574552683897,0.8353771139809638,5030.0
