,precision,recall,f1-score,support
0,0.8990143202529292,0.9947525465582879,0.944463439652225,9719.0
1,0.0,0.0,0.0,421.0
2,0.3627450980392157,0.193717277486911,0.2525597269624574,382.0
3,0.5,0.003424657534246575,0.006802721088435374,292.0
4,0.49767441860465117,0.29476584022038566,0.37024221453287204,363.0
accuracy,0.881274044913662,0.881274044913662,0.881274044913662,0.881274044913662
macro avg,0.4518867673793592,0.29733206435996623,0.31481362044719796,11177.0
weighted avg,0.8233644645202368,0.881274044913662,0.8420955805773365,11177.0
