,precision,recall,f1-score,support
0,0.918186555497655,0.9669364796268349,0.9419311727363849,7289.0
1,0.34299516908212563,0.22468354430379747,0.2715105162523901,316.0
2,0.32338308457711445,0.22727272727272727,0.2669404517453799,286.0
3,0.140625,0.08181818181818182,0.10344827586206896,220.0
4,0.3157894736842105,0.19852941176470587,0.2437923250564334,272.0
accuracy,0.8655612549206728,0.8655612549206728,0.8655612549206728,0.8655612549206728
macro avg,0.40819585656822116,0.3398480689572495,0.36552454833053144,8383.0
weighted avg,0.836260059105752,0.8655612549206728,0.8489739643940653,8383.0
