,precision,recall,f1-score,support
0,0.922808547754034,0.9675354366712391,0.9446428571428572,4374.0
1,0.39072847682119205,0.31216931216931215,0.34705882352941175,189.0
2,0.29559748427672955,0.27325581395348836,0.283987915407855,172.0
3,0.14285714285714285,0.045454545454545456,0.06896551724137931,132.0
4,0.391304347826087,0.22085889570552147,0.2823529411764706,163.0
accuracy,0.8707753479125249,0.8707753479125249,0.8707753479125249,0.8707753479125249
macro avg,0.4286591999070371,0.36385480079082133,0.3854016108995948,5030.0
weighted avg,0.8436768963904061,0.8707753479125249,0.8551560385542135,5030.0
