,precision,recall,f1-score,support
0,0.9139492753623188,0.9688614540466393,0.9406046078039685,7290.0
1,0.32275132275132273,0.19365079365079366,0.24206349206349204,315.0
2,0.29081632653061223,0.1986062717770035,0.23602484472049692,287.0
3,0.1796875,0.1050228310502283,0.13256484149855907,219.0
4,0.4154929577464789,0.21691176470588236,0.28502415458937197,272.0
accuracy,0.866396278182035,0.866396278182035,0.866396278182035,0.866396278182035
macro avg,0.4245394764781466,0.3366106230461094,0.3672563881351777,8383.0
weighted avg,0.8350455465560418,0.866396278182035,0.847853392778505,8383.0
