,precision,recall,f1-score,support
0,0.8697208303507517,1.0,0.9303215926493108,7290.0
1,1.0,0.0031746031746031746,0.006329113924050633,315.0
2,0.0,0.0,0.0,287.0
3,0.0,0.0,0.0,219.0
4,0.0,0.0,0.0,272.0
accuracy,0.8697363712274842,0.8697363712274842,0.8697363712274842,0.8697363712274842
macro avg,0.37394416607015035,0.20063492063492064,0.1873301413146723,8383.0
weighted avg,0.7939001375709148,0.8697363712274842,0.8092613719789516,8383.0
