,precision,recall,f1-score,support
0,0.8888888888888888,1.0,0.9411764705882353,8.0
1,0.0,0.0,0.0,1.0
accuracy,0.8888888888888888,0.8888888888888888,0.8888888888888888,0.8888888888888888
macro avg,0.4444444444444444,0.5,0.47058823529411764,9.0
weighted avg,0.7901234567901234,0.8888888888888888,0.8366013071895425,9.0
