,precision,recall,f1-score,support
0,0.9298868426891502,0.958161865569273,0.9438126337124199,4374.0
1,0.3357142857142857,0.24867724867724866,0.2857142857142857,189.0
2,0.3076923076923077,0.3023255813953488,0.30498533724340177,172.0
3,0.16842105263157894,0.12121212121212122,0.14096916299559473,132.0
4,0.37815126050420167,0.27607361963190186,0.3191489361702128,163.0
accuracy,0.8650099403578528,0.8650099403578528,0.8650099403578528,0.8650099403578528
macro avg,0.42397314984630485,0.38129008729717867,0.398926071167183,5030.0
weighted avg,0.848423133450293,0.8650099403578528,0.8559290544682212,5030.0
