,precision,recall,f1-score,support
0,0.8666666666666667,1.0,0.9285714285714286,39.0
1,0.0,0.0,0.0,2.0
2,0.0,0.0,0.0,1.0
3,0.0,0.0,0.0,1.0
4,0.0,0.0,0.0,2.0
accuracy,0.8666666666666667,0.8666666666666667,0.8666666666666667,0.8666666666666667
macro avg,0.17333333333333334,0.2,0.18571428571428572,45.0
weighted avg,0.7511111111111112,0.8666666666666667,0.8047619047619048,45.0
