,precision,recall,f1-score,support
0,0.9208371246587808,0.9718754287282206,0.9456681350954478,7289.0
1,0.40551181102362205,0.3259493670886076,0.36140350877192984,316.0
2,0.34782608695652173,0.1958041958041958,0.2505592841163311,286.0
3,0.18888888888888888,0.07727272727272727,0.1096774193548387,220.0
4,0.43783783783783786,0.2977941176470588,0.3544857768052516,272.0
accuracy,0.8757008230943576,0.8757008230943576,0.8757008230943576,0.8757008230943576
macro avg,0.4601803498731303,0.37373916730816203,0.40435882482875984,8383.0
weighted avg,0.8469818969627019,0.8757008230943576,0.8588080238922834,8383.0
