,precision,recall,f1-score,support
0,0.921278254091972,0.9728395061728395,0.9463570856685348,7290.0
1,0.3611111111111111,0.28888888888888886,0.32098765432098764,315.0
2,0.3401360544217687,0.17421602787456447,0.23041474654377878,287.0
3,0.1568627450980392,0.0730593607305936,0.09968847352024922,219.0
4,0.4076086956521739,0.2757352941176471,0.3289473684210526,272.0
accuracy,0.8736729094596206,0.8736729094596206,0.8736729094596206,0.8736729094596206
macro avg,0.43739937207501295,0.3569478155569067,0.38527906569492065,8383.0
weighted avg,0.8436967704095651,0.8736729094596206,0.8561957244189735,8383.0
