,precision,recall,f1-score,support
0,0.9066164154103853,0.9899405578417924,0.946448087431694,4374.0
1,0.4861111111111111,0.18518518518518517,0.2681992337164751,189.0
2,0.3118279569892473,0.1686046511627907,0.21886792452830187,172.0
3,0.25925925925925924,0.05303030303030303,0.0880503144654088,132.0
4,0.3709677419354839,0.1411042944785276,0.20444444444444443,163.0
accuracy,0.8795228628230616,0.8795228628230616,0.8795228628230616,0.8795228628230616
macro avg,0.4669564969410974,0.3075729983397198,0.34520200091726483,5030.0
weighted avg,0.8361311279850661,0.8795228628230616,0.8495121190002765,5030.0
