,precision,recall,f1-score,support
0,0.9221698113207547,0.9654320987654321,0.9433051869722556,7290.0
1,0.3403141361256545,0.20634920634920634,0.2569169960474308,315.0
2,0.26865671641791045,0.18815331010452963,0.2213114754098361,287.0
3,0.1889763779527559,0.1095890410958904,0.13872832369942198,219.0
4,0.36637931034482757,0.3125,0.33730158730158727,272.0
accuracy,0.8667541452940475,0.8667541452940475,0.8667541452940475,0.8667541452940475
macro avg,0.41729927043238063,0.3564047312630117,0.37951271388610636,8383.0
weighted avg,0.8407446444238662,0.8667541452940475,0.8521135148349651,8383.0
