,precision,recall,f1-score,support
0,0.9237567603218573,0.9607627932501029,0.9418964357767317,7289.0
1,0.36318407960199006,0.2310126582278481,0.28239845261121854,316.0
2,0.2675438596491228,0.21328671328671328,0.23735408560311283,286.0
3,0.12878787878787878,0.07727272727272727,0.09659090909090909,220.0
4,0.33195020746887965,0.29411764705882354,0.31189083820662766,272.0
accuracy,0.8629368960992485,0.8629368960992485,0.8629368960992485,0.8629368960992485
macro avg,0.4030445571659458,0.3552905078192431,0.37402614425772,8383.0
weighted avg,0.840173032179979,0.8629368960992485,0.8503744015121597,8383.0
