,precision,recall,f1-score,support
0,0.9260700389105059,0.9795246424529273,0.9520476023801191,9719.0
1,0.4084507042253521,0.2755344418052256,0.32907801418439714,421.0
2,0.3869047619047619,0.17015706806282724,0.2363636363636364,382.0
3,0.1724137931034483,0.017123287671232876,0.031152647975077878,292.0
4,0.39663461538461536,0.45454545454545453,0.42362002567394097,363.0
accuracy,0.8831529032835287,0.8831529032835287,0.8831529032835287,0.8831529032835287
macro avg,0.4580947827057368,0.3793769789075335,0.3944523853154343,11177.0
weighted avg,0.8512618114582196,0.8831529032835287,0.8629018558757521,11177.0
