,precision,recall,f1-score,support
0,0.896136384693783,0.9951641115341084,0.9430577223088924,9719.0
1,0.38961038961038963,0.07125890736342043,0.12048192771084337,421.0
2,0.2903225806451613,0.04712041884816754,0.08108108108108109,382.0
3,0.0,0.0,0.0,292.0
4,0.43673469387755104,0.29476584022038566,0.3519736842105263,363.0
accuracy,0.879216247651427,0.879216247651427,0.879216247651427,0.879216247651427
macro avg,0.40256080976537695,0.2816618555932164,0.29931888306226867,11177.0
weighted avg,0.818020346832679,0.879216247651427,0.8387796649394099,11177.0
