,precision,recall,f1-score,support
0,0.9565907887771308,0.9914951989026063,0.9737302977232926,7290.0
1,0.540650406504065,0.4222222222222222,0.4741532976827095,315.0
2,0.7711442786069652,0.5400696864111498,0.6352459016393442,287.0
3,0.4652777777777778,0.3059360730593607,0.3691460055096419,219.0
4,0.7330508474576272,0.6360294117647058,0.6811023622047244,272.0
accuracy,0.9252057735894071,0.9252057735894071,0.9252057735894071,0.9252057735894071
macro avg,0.6933428198247131,0.5791505184720089,0.6266755729519425,8383.0
weighted avg,0.9145241321765561,0.9252057735894071,0.9180807050780918,8383.0
