,precision,recall,f1-score,support
0,0.9249892841834548,0.9867398262459991,0.9548672566371683,4374.0
1,0.525,0.2222222222222222,0.31226765799256506,189.0
2,0.6224489795918368,0.3546511627906977,0.45185185185185184,172.0
3,0.37209302325581395,0.12121212121212122,0.18285714285714286,132.0
4,0.5664335664335665,0.49693251533742333,0.5294117647058824,163.0
accuracy,0.8978131212723658,0.8978131212723658,0.8978131212723658,0.8978131212723658
macro avg,0.6021929706929345,0.43635156956169274,0.486251134808922,5030.0
weighted avg,0.8734859451106692,0.8978131212723658,0.879474701175803,5030.0
