,precision,recall,f1-score,support
0,0.9549585144211774,0.9946502057613169,0.9744003225156219,7290.0
1,0.6650717703349283,0.44126984126984126,0.5305343511450382,315.0
2,0.6721311475409836,0.5714285714285714,0.6177024482109228,287.0
3,0.5725806451612904,0.3242009132420091,0.41399416909620995,219.0
4,0.755868544600939,0.5919117647058824,0.663917525773196,272.0
accuracy,0.9287844447095311,0.9287844447095311,0.9287844447095311,0.9287844447095311
macro avg,0.7241221244118637,0.5846922592815241,0.6401097633481978,8383.0
weighted avg,0.9179337018432454,0.9287844447095311,0.9207953673420595,8383.0
