,precision,recall,f1-score,support
0,0.9320849268099697,0.9695473251028807,0.9504471189403617,7290.0
1,0.3974358974358974,0.29523809523809524,0.33879781420765026,315.0
2,0.5,0.3344947735191638,0.40083507306889354,287.0
3,0.24271844660194175,0.1141552511415525,0.15527950310559005,219.0
4,0.5092250922509225,0.5073529411764706,0.5082872928176795,272.0
accuracy,0.8851246570440177,0.8851246570440177,0.8851246570440177,0.8851246570440177
macro avg,0.5162928726197462,0.4441576772356326,0.47072936042803504,8383.0
weighted avg,0.8654725025688969,0.8851246570440177,0.8735274757661877,8383.0
